"","playerName","restrictedDuo"
"1","Federico Camporesi [IT]","Lunala Miraidon"
"2","Marco Hemantha Kaludura Silva [IT]","Calyrex [Shadow Rider] Zamazenta"
"3","kazuki kobayashi [JP]","Calyrex [Ice Rider] Miraidon"
"4","Eric Rios [ES]","Miraidon Zamazenta"
"5","Francesco Pio Pero [IT]","Miraidon Terapagos"
"6","Yuma Kinugawa [JP]","Calyrex [Shadow Rider] Zamazenta"
"7","Ruben Gianzini [IT]","Calyrex [Shadow Rider] Zamazenta"
"8","Gabriel Agati [BR]","Calyrex [Shadow Rider] Koraidon"
"9","Behzad Muntazir [US]","Calyrex [Ice Rider] Miraidon"
"10","Justin Knox [US]","Lunala Miraidon"
"11","Carson Confer [US]","Calyrex [Ice Rider] Miraidon"
"12","Luca Ceribelli [IT]","Lunala Miraidon"
"13","Thomas Irwin [US]","Miraidon Terapagos"
"14","Víctor Medina [ES]","Calyrex [Shadow Rider] Zamazenta"
"15","Mattie Morgan [IE]","Calyrex [Shadow Rider] Zamazenta"
"16","Thomas Cooleen [US]","Calyrex [Ice Rider] Miraidon"
"17","Zachary Weed [US]","Calyrex [Ice Rider] Miraidon"
"18","Tim Edwards [US]","Calyrex [Shadow Rider] Zamazenta"
"19","Justin Tang [US]","Miraidon Zamazenta"
"20","Giovanni Cischke [US]","Koraidon Lunala"
"21","Nick Navarre [US]","Calyrex [Ice Rider] Kyogre"
"22","Marcus Dion [CA]","Calyrex [Ice Rider] Miraidon"
"23","Nishant Joshi [US]","Calyrex [Ice Rider] Miraidon"
"24","James Evans [US]","Calyrex [Shadow Rider] Koraidon"
"25","Alex Gómez Berna [ES]","Calyrex [Ice Rider] Kyogre"
"26","Kyle Livinghouse [US]","Calyrex [Shadow Rider] Zamazenta"
"27","Simone Sanvito [IT]","Calyrex [Shadow Rider] Zamazenta"
"28","Shohei Kimura [JP]","Miraidon Zamazenta"
"29","Sohaib Mufti [US]","Miraidon Zamazenta"
"30","Hanns Pizarro [PE]","Calyrex [Shadow Rider] Zamazenta"
"31","Riley Factura [US]","Calyrex [Ice Rider] Miraidon"
"32","Ernesto Verdugo [MX]","Calyrex [Ice Rider] Kyogre"
"33","Ko Tsukide [JP]","Miraidon Zamazenta"
"34","Jeudy Azzarelli [US]","Miraidon Zamazenta"
"35","Mikal Mahoney [US]","Calyrex [Shadow Rider] Zamazenta"
"36","David Kubiak [US]","Calyrex [Shadow Rider] Zamazenta"
"37","Jérémy Côté [CA]","Calyrex [Shadow Rider] Koraidon"
"38","Andrew Ding [US]","Calyrex [Ice Rider] Miraidon"
"39","Andrew Jenkins [US]","Calyrex [Shadow Rider] Zacian"
"40","Yuki Zaninovich [US]","Calyrex [Shadow Rider] Zamazenta"
"41","Frederik Nielsen [DK]","Miraidon Zamazenta"
"42","Kian Campbell [US]","Kyogre Zacian"
"43","Michael Kelsch [DE]","Calyrex [Ice Rider] Miraidon"
"44","Sam Danneker [US]","Kyogre Zamazenta"
"45","Raghav Malaviya [US]","Calyrex [Ice Rider] Miraidon"
"46","Yan Chak Li [US]","Calyrex [Ice Rider] Miraidon"
"47","Adonis Watford [US]","Calyrex [Shadow Rider] Koraidon"
"48","Andrew Zheng [US]","Calyrex [Ice Rider] Lunala"
"49","Nikolaj Høj Nielsen [DK]","Miraidon Zamazenta"
"50","Calvin Nisson [US]","Calyrex [Shadow Rider] Terapagos"
"51","Will Connor [US]","Calyrex [Shadow Rider] Koraidon"
"52","Joji Kaieda [JP]","Calyrex [Ice Rider] Kyogre"
"53","Dylan Salvanera [US]","Koraidon Lunala"
"54","Brian Fournier [US]","Groudon Miraidon"
"55","Toler Webb [US]","Calyrex [Shadow Rider] Koraidon"
"56","Benny Vasquez [US]","Koraidon Terapagos"
"57","Shane Gaffney [US]","Calyrex [Ice Rider] Miraidon"
"58","Blake Silver [US]","Calyrex [Ice Rider] Kyogre"
"59","Andrew Krebs [US]","Calyrex [Shadow Rider] Koraidon"
"60","Nicholas Rubingh [US]","Calyrex [Shadow Rider] Koraidon"
"61","Jo Costagliola [US]","Calyrex [Ice Rider] Miraidon"
"62","Oscar Gilley [UK]","Lunala Miraidon"
"63","Ezequiel Cordero [US]","Calyrex [Ice Rider] Miraidon"
"64","Junxi Zhu [US]","Calyrex [Ice Rider] Kyogre"
"65","juan salerno [AR]","Koraidon Lunala"
"66","Christopher Han [US]","Kyogre Zacian"
"67","Ryosuke Kondo [JP]","Calyrex [Shadow Rider] Zamazenta"
"68","Patrick Connors [US]","Calyrex [Ice Rider] Miraidon"
"69","Mao Harada [JP]","Groudon Miraidon"
"70","Gabriel Berrios [US]","Kyogre Zacian"
"71","Chuppa Cross IV [US]","Calyrex [Ice Rider] Miraidon"
"72","Gary Qian [US]","Calyrex [Shadow Rider] Koraidon"
"73","Siddharth Singhal [US]","Calyrex [Shadow Rider] Zamazenta"
"74","Naoya Takasago [JP]","Miraidon Zamazenta"
"75","Théotime Massaut [FR]","Lunala Miraidon"
"76","Fiona Szymkiewicz [CA]","Calyrex [Ice Rider] Miraidon"
"77","Rishi Gupta [US]","Calyrex [Shadow Rider] Zamazenta"
"78","Darsh Patel [US]","Calyrex [Ice Rider] Miraidon"
"79","Dillon Kleinvehn [US]","Calyrex [Ice Rider] Miraidon"
"80","Joseph Nunziata [US]","Calyrex [Shadow Rider] Miraidon"
"81","Flavio Del Pidio [IT]","Miraidon Terapagos"
"82","Dominic Vogel [US]","Calyrex [Ice Rider] Koraidon"
"83","Masayoshi Kuroo [AU]","Calyrex [Shadow Rider] Koraidon"
"84","Alejandro Terrazas [MX]","Calyrex [Ice Rider] Lunala"
"85","Gavin Michaels [US]","Calyrex [Ice Rider] Kyogre"
"86","Nick Willems [US]","Miraidon Terapagos"
"87","Craig Campbell [US]","Calyrex [Shadow Rider] Koraidon"
"88","Max Musumeci [IE]","Calyrex [Shadow Rider] Zamazenta"
"89","Santino Tarquinio [US]","Calyrex [Shadow Rider] Terapagos"
"90","Shaun Veluz [US]","Calyrex [Shadow Rider] Zamazenta"
"91","Logan Allen [US]","Kyogre Zamazenta"
"92","Ethan Trejo [US]","Calyrex [Shadow Rider] Zamazenta"
"93","Rocco Beckman [US]","Calyrex [Ice Rider] Lunala"
"94","Ben Emerzian [US]","Calyrex [Shadow Rider] Miraidon"
"95","Kandai Nagatome [JP]","Lunala Miraidon"
"96","Michael Wong [US]","Calyrex [Ice Rider] Miraidon"
"97","Simon Van der Borght [BE]","Lunala Miraidon"
"98","Leonard Craft III [US]","Koraidon Miraidon"
"99","Ashton Cox [US]","Calyrex [Shadow Rider] Terapagos"
"100","Joshua Denk [US]","Calyrex [Shadow Rider] Zamazenta"
"101","Henry Rich [AU]","Giratina [Origin Forme] Kyogre"
"102","Nicolò Pollato [IT]","Calyrex [Shadow Rider] Terapagos"
"103","Ben Grissmer [US]","Calyrex [Shadow Rider] Terapagos"
"104","Cedric Bernier [US]","Calyrex [Ice Rider] Miraidon"
"105","Lorenzo Arce [US]","Calyrex [Ice Rider] Miraidon"
"106","Andrew Gouck [US]","Miraidon Zamazenta"
"107","Jeremy Boyd [US]","Calyrex [Ice Rider] Groudon"
"108","ALEX UNDERHILL [US]","Calyrex [Ice Rider] Miraidon"
"109","Kian Sayan [US]","Calyrex [Ice Rider] Kyogre"
"110","Emilio Forbes [US]","Miraidon Zacian"
"111","Santiago Molina [ES]","Calyrex [Ice Rider] Miraidon"
"112","Quentin Raines [US]","Calyrex [Shadow Rider] Koraidon"
"113","Jackson Ferris [US]","Kyogre Zamazenta"
"114","Matt Bruno [US]","Calyrex [Shadow Rider] Terapagos"
"115","Masahiro Ito [JP]","Calyrex [Shadow Rider] Miraidon"
"116","Keanu Inosanto [US]","Calyrex [Shadow Rider] Zamazenta"
"117","Kazuki Sumiya [JP]","Calyrex [Shadow Rider] Zamazenta"
"118","Richard Mogollon [US]","Calyrex [Shadow Rider] Zamazenta"
"119","Paul Ruiz [EC]","Calyrex [Shadow Rider] Koraidon"
"120","Justin Carris [US]","Calyrex [Shadow Rider] Zamazenta"
"121","mckenzie frosch [US]","Calyrex [Ice Rider] Miraidon"
"122","William Brown [US]","Calyrex [Ice Rider] Miraidon"
"123","David Ochoajr [US]","Groudon Miraidon"
"124","Noah Gardner [US]","Calyrex [Ice Rider] Groudon"
"125","Ryan Rickenbacher [US]","Miraidon Terapagos"
"126","Collin Heier [US]","Calyrex [Ice Rider] Miraidon"
"127","Emily Parson [US]","Calyrex [Shadow Rider] Zamazenta"
"128","Andrew Block [US]","Miraidon Zamazenta"
"129","Norah Bowman [US]","Kyogre Zamazenta"
"130","Matt Maynard [UK]","Calyrex [Shadow Rider] Zamazenta"
"131","Daniel Tapp [US]","Calyrex [Shadow Rider] Koraidon"
"132","Aaron Perez [US]","Calyrex [Shadow Rider] Terapagos"
"133","Stephen Schmidt [US]","Calyrex [Shadow Rider] Koraidon"
"134","Raphael Bagara [CA]","Kyogre Zacian"
"135","Karthik Bandagonda [US]","Calyrex [Ice Rider] Miraidon"
"136","Steven stewart [US]","Calyrex [Shadow Rider] Zamazenta"
"137","Daniel Alvarez [US]","Calyrex [Shadow Rider] Zamazenta"
"138","Ian Genis [US]","Calyrex [Shadow Rider] Zamazenta"
"139","Yoav Reuven [AU]","Calyrex [Shadow Rider] Koraidon"
"140","John Gonzales [US]","Calyrex [Shadow Rider] Kyogre"
"141","Michael Mills [US]","Calyrex [Shadow Rider] Koraidon"
"142","June Lintner [US]","Calyrex [Ice Rider] Miraidon"
"143","Chris Wolfe [US]","Calyrex [Shadow Rider] Terapagos"
"144","Timothy Hardin [US]","Calyrex [Shadow Rider] Koraidon"
"145","Everett Filloon [US]","Calyrex [Shadow Rider] Zamazenta"
"146","Juan José Mejia Tasayco [PE]","Calyrex [Shadow Rider] Koraidon"
"147","Shai Giuseppe Rabà [IT]","Calyrex [Shadow Rider] Zamazenta"
"148","David van Holland [NL]","Calyrex [Shadow Rider] Zamazenta"
"149","Benji Irons [US]","Calyrex [Ice Rider] Miraidon"
"150","Sahen Rai [US]","Calyrex [Shadow Rider] Zamazenta"
"151","Jared Richardson [US]","Calyrex [Ice Rider] Miraidon"
"152","Tatsuki Wakita [JP]","Calyrex [Shadow Rider] Zamazenta"
"153","Richard Macey [US]","Calyrex [Ice Rider] Miraidon"
"154","Simon Bernard [AT]","Miraidon Zamazenta"
"155","Kent Wong [US]","Calyrex [Ice Rider] Kyogre"
"156","Andrew Figueras [US]","Miraidon Zamazenta"
"157","Alex Ortega [US]","Calyrex [Shadow Rider] Miraidon"
"158","David Lees [US]","Calyrex [Shadow Rider] Koraidon"
"159","Kacey Boardman [US]","Kyogre Zamazenta"
"160","Luke Ruth [US]","Calyrex [Ice Rider] Koraidon"
"161","Hunter O'Brien-Grayson [US]","Calyrex [Ice Rider] Reshiram"
"162","Nicholas Morales [US]","Calyrex [Ice Rider] Miraidon"
"163","David Hutner [US]","Calyrex [Shadow Rider] Terapagos"
"164","Hayden Plog [US]","Miraidon Zamazenta"
"165","Ryan Loseto [CA]","Calyrex [Shadow Rider] Koraidon"
"166","Grant Bielecki [US]","Calyrex [Shadow Rider] Kyogre"
"167","Marlox Enriquez [US]","Kyogre Zacian"
"168","Javier Nain [CL]","Miraidon Terapagos"
"169","Eslliey Tan [US]","Calyrex [Shadow Rider] Zamazenta"
"170","Ismail Hussein [US]","Miraidon Terapagos"
"171","Zhe Zhang [CN]","Calyrex [Shadow Rider] Koraidon"
"172","Gabriel Llansó [ES]","Calyrex [Shadow Rider] Zamazenta"
"173","César Reyes [MX]","Calyrex [Shadow Rider] Miraidon"
"174","Justin Burns [US]","Calyrex [Ice Rider] Miraidon"
"175","Vince De Vera [CA]","Miraidon Zamazenta"
"176","Wesley Brainard [US]","Kyogre Zacian"
"177","Jeffrey Lehmann [US]","Calyrex [Shadow Rider] Zamazenta"
"178","Nathaniel Christmas [US]","Calyrex [Shadow Rider] Kyogre"
"179","Tianshu Ren [US]","Calyrex [Ice Rider] Kyogre"
"180","Michael Navas [AU]","Lunala Miraidon"
"181","Ibrahim Maarouf [DE]","Calyrex [Ice Rider] Miraidon"
"182","David Mancuso [US]","Calyrex [Shadow Rider] Kyogre"
"183","Noah Neel [US]","Kyogre Zacian"
"184","James Ramsey [US]","Miraidon Terapagos"
"185","Jerry Woods III [US]","Calyrex [Ice Rider] Miraidon"
"186","Visishtah Vasudevan [US]","Calyrex [Shadow Rider] Koraidon"
"187","Navjit Joshi [CA]","Calyrex [Shadow Rider] Zamazenta"
"188","Joseph Kwan [US]","Calyrex [Ice Rider] Miraidon"
"189","Diego Aguirre [CA]","Calyrex [Shadow Rider] Zamazenta"
"190","Xavier Tindall [US]","Calyrex [Ice Rider] Miraidon"
"191","Arbin Tumaneng [US]","Calyrex [Ice Rider] Miraidon"
"192","Samuel Temple [US]","Calyrex [Ice Rider] Miraidon"
"193","Christian Maccise Bueno [MX]","Calyrex [Ice Rider] Miraidon"
"194","Chengfu Ren [CN]","Calyrex [Ice Rider] Kyogre"
"195","Parker Allen [US]","Kyogre Zamazenta"
"196","Gabriel Schebel [US]","Miraidon Terapagos"
"197","Kendall Adams [US]","Calyrex [Shadow Rider] Koraidon"
"198","Edward Glover [US]","Calyrex [Shadow Rider] Koraidon"
"199","Jahnoi Wilson [VI]","Koraidon Terapagos"
"200","Destyn Edwards [US]","Calyrex [Ice Rider] Lunala"
"201","Riley Wilcox [US]","Kyogre Zacian"
"202","Mihrab Samad [US]","Calyrex [Shadow Rider] Koraidon"
"203","Erik Holmstrom [US]","Koraidon Zamazenta"
"204","Bradley Pham [US]","Groudon Ho-Oh"
"205","Luca Paz [US]","Calyrex [Ice Rider] Miraidon"
"206","Aaron Zheng [US]","Miraidon Zamazenta"
"207","Caelan Brown [US]","Calyrex [Shadow Rider] Zamazenta"
"208","Kshaunish Shaik [US]","Calyrex [Ice Rider] Miraidon"
"209","Dan Fitzpatrick [US]","Miraidon Zamazenta"
"210","Carter Davis [US]","Calyrex [Shadow Rider] Koraidon"
"211","Hunter Braum [US]","Lunala Miraidon"
"212","Jonathan Martin [US]","Calyrex [Shadow Rider] Zamazenta"
"213","Diego Ferreira [AU]","Calyrex [Ice Rider] Zamazenta"
"214","Jacob Tang [US]","Calyrex [Shadow Rider] Miraidon"
"215","Aurélien Soula [FR]","Miraidon Zamazenta"
"216","Jeovan Teixeira [US]","Calyrex [Shadow Rider] Zamazenta"
"217","Aaron Brok [US]","Calyrex [Shadow Rider] Zamazenta"
"218","Nate Wright [CA]","Koraidon Lunala"
"219","Sean Sumner [UK]","Calyrex [Shadow Rider] Koraidon"
"220","Aaron Grubbs [US]","Calyrex [Ice Rider] Miraidon"
"221","John Lyons [US]","Miraidon Zamazenta"
"222","David Rodriguez [CR]","Kyogre Zamazenta"
"223","Kylan Van Severen [CA]","Calyrex [Shadow Rider] Zamazenta"
"224","Will Inabinet [US]","Miraidon Zamazenta"
"225","Naoto Mizobuchi [JP]","Calyrex [Shadow Rider] Zamazenta"
"226","John Galvin [US]","Lunala Miraidon"
"227","Jarrett Major [US]","Calyrex [Shadow Rider] Koraidon"
"228","Nikola Zirdum [LU]","Calyrex [Shadow Rider] Zamazenta"
"229","Michael Zhang [US]","Koraidon Miraidon"
"230","Wolfe Glick [US]","Koraidon Lunala"
"231","Mark Grubbs [US]","Calyrex [Ice Rider] Lunala"
"232","Kurt Imhoff [US]","Calyrex [Ice Rider] Kyogre"
"233","Louis Hahn [US]","Calyrex [Shadow Rider] Miraidon"
"234","Gunther Goley [US]","Calyrex [Shadow Rider] Koraidon"
"235","Todd Hayes [US]","Calyrex [Ice Rider] Lunala"
"236","Yotam Cohen [US]","Calyrex [Shadow Rider] Zamazenta"
"237","Noel Marquez [VE]","Calyrex [Ice Rider] Miraidon"
"238","Eric Ault [US]","Groudon Lunala"
"239","Ashley Scobey [US]","Calyrex [Ice Rider] Kyogre"
"240","Ronald Ayers [US]","Calyrex [Ice Rider] Miraidon"
"241","Blake Mullins [US]","Calyrex [Shadow Rider] Kyogre"
"242","Cary D'Ortona [US]","Calyrex [Ice Rider] Miraidon"
"243","Alex Hoak [US]","Calyrex [Ice Rider] Groudon"
"244","Joseph Ugarte [US]","Groudon Lunala"
"245","Brian Hough [US]","Calyrex [Shadow Rider] Zamazenta"
"246","Dillon O’Donovan [US]","Groudon Lunala"
"247","Jacob Schaefer [US]","Calyrex [Shadow Rider] Zacian"
"248","Michael Aguirre [US]","Koraidon Miraidon"
"249","Brian Theis [US]","Lunala Miraidon"
"250","Owen Murphy [US]","Miraidon Zamazenta"
"251","Juan Manuel Odriozola [ES]","Koraidon Lunala"
"252","David Baumgardt [US]","Calyrex [Ice Rider] Miraidon"
"253","David Dayan [US]","Miraidon Terapagos"
"254","Daniel Yu [US]","Kyogre Zamazenta"
"255","Philip Cohen [US]","Calyrex [Ice Rider] Kyogre"
"256","Connor Swikart [US]","Calyrex [Shadow Rider] Zamazenta"
"257","Brendon Gustaf [US]","Eternatus Groudon"
"258","Brady Smith [US]","Calyrex [Shadow Rider] Koraidon"
"259","Sebastian Gonzalez [US]","Calyrex [Ice Rider] Miraidon"
"260","Nicholas Donnelly [US]","Calyrex [Shadow Rider] Koraidon"
"261","Kenneth Gamboa [MX]","Calyrex [Ice Rider] Miraidon"
"262","John Mills [US]","Calyrex [Shadow Rider] Koraidon"
"263","Clark Jones [US]","Koraidon Lunala"
"264","Sebastian Escalante [AR]","Calyrex [Ice Rider] Kyogre"
"265","Austin Litofsky [US]","Groudon Lunala"
"266","Jack Byers [US]","Groudon Miraidon"
"267","Daniel Daertni [SE]","Kyogre Zamazenta"
"268","Jonathan Zuniga [US]","Calyrex [Shadow Rider] Zamazenta"
"269","Arath Alejandro Vera Almaraz [MX]","Calyrex [Shadow Rider] Terapagos"
"270","alexander canseco [MX]","Calyrex [Shadow Rider] Terapagos"
"271","Louis Milich [US]","Calyrex [Shadow Rider] Kyogre"
"272","Arthur Collier [US]","Kyurem [White Kyurem] Lunala"
"273","Calvin Tobias [US]","Calyrex [Ice Rider] Miraidon"
"274","Marco Marras [IT]","Lunala Miraidon"
"275","Oliver Eskolin [FI]","Calyrex [Shadow Rider] Ho-Oh"
"276","Benjamin Flitcroft [US]","Calyrex [Shadow Rider] Miraidon"
"277","Tanner Torr [US]","Calyrex [Shadow Rider] Miraidon"
"278","Jose Flott [US]","Calyrex [Shadow Rider] Miraidon"
"279","Victor Meriño [CL]","Calyrex [Shadow Rider] Miraidon"
"280","Wei Deng [UK]","Calyrex [Ice Rider] Lunala"
"281","Maxime De Cock [BE]","Calyrex [Shadow Rider] Koraidon"
"282","Jon-Luke Martin [US]","Calyrex [Shadow Rider] Zamazenta"
"283","Tyler Deacy [US]","Calyrex [Shadow Rider] Zamazenta"
"284","Lucy Fleming [US]","Calyrex [Ice Rider] Reshiram"
"285","Zac Emerzian [US]","Calyrex [Shadow Rider] Solgaleo"
"286","Victor Manoath [MX]","Calyrex [Shadow Rider] Zamazenta"
"287","Lee Hodge [US]","Lunala Miraidon"
"288","Jermaine Mcleod [US]","Kyogre Zamazenta"
"289","Jasmine Bailey [US]","Giratina [Origin Forme] Zamazenta"
"290","Aaron Kreimer [US]","Miraidon Zamazenta"
"291","Kayla Smith [US]","Calyrex [Shadow Rider] Miraidon"
"292","Carlos Young [US]","Calyrex [Shadow Rider] Zamazenta"
"293","Amrit Mann [UK]","Calyrex [Ice Rider] Koraidon"
"294","Angel Torres [US]","Calyrex [Shadow Rider] Koraidon"
"295","Gareth Jones [US]","Calyrex [Ice Rider] Miraidon"
"296","Malik Haridi [US]","Lunala Miraidon"
"297","Alyssa Smith [US]","Miraidon Zamazenta"
"298","Baby Singh [US]","Lunala Miraidon"
"299","Chase Rumpca [US]","Lunala Miraidon"
"300","Noah Carney [US]","Calyrex [Ice Rider] Kyogre"
"301","Brenden Moses [US]","Calyrex [Shadow Rider] Miraidon"
"302","Bukunmi Oyewole [US]","Calyrex [Ice Rider] Kyogre"
"303","Alexis Harrison [US]","Calyrex [Shadow Rider] Zamazenta"
"304","Taylor Kamel-Frank [US]","Miraidon Zamazenta"
"305","Kevin Swastek [US]","Calyrex [Shadow Rider] Koraidon"
"306","Matthew Harris [US]","Calyrex [Ice Rider] Kyogre"
"307","Christopher Chau [US]","Ho-Oh Miraidon"
"308","Antonio Sánchez [ES]","Calyrex [Shadow Rider] Zamazenta"
"309","Alessio Ferrara [IT]","Calyrex [Shadow Rider] Koraidon"
"310","Samuel Moore [US]","Calyrex [Ice Rider] Miraidon"
"311","Frederick Miller [US]","Kyogre Lunala"
"312","Miguel Martinez Perdomo [US]","Calyrex [Shadow Rider] Zamazenta"
"313","Jonathan Quiñones [US]","Calyrex [Shadow Rider] Terapagos"
"314","Nicolás Nieto [CL]","Lunala Miraidon"
"315","Daniel Nuñez [MX]","Miraidon Zamazenta"
"316","Michael Uko [US]","Calyrex [Shadow Rider] Koraidon"
"317","Olivia Moledzki [CA]","Calyrex [Ice Rider] Miraidon"
"318","Justin Stahler [US]","Calyrex [Shadow Rider] Koraidon"
"319","Allan Martinez [US]","Calyrex [Shadow Rider] Koraidon"
"320","Joshua Lorcy [US]","Koraidon Lunala"
"321","Nicholas Hegel [US]","Calyrex [Shadow Rider] Koraidon"
"322","Adrien Hurley [US]","Calyrex [Ice Rider] Miraidon"
"323","Michael Spinetta-McCarthy [US]","Calyrex [Ice Rider] Miraidon"
"324","Francesco Di Biase [IT]","Miraidon Zamazenta"
"325","Morgan O'Hare [US]","Calyrex [Ice Rider] Groudon"
"326","Matthew Engbrecht [CA]","Lunala Miraidon"
"327","Jimmy Friedle [US]","Calyrex [Ice Rider] Kyogre"
"328","Alexander Chung [US]","Calyrex [Shadow Rider] Zamazenta"
"329","Gilbert Yao [US]","Calyrex [Shadow Rider] Groudon"
"330","James Craig [CA]","Calyrex [Ice Rider] Miraidon"
"331","Cameron Bloniarz [US]","Calyrex [Ice Rider] Necrozma [Dawn Wings]"
"332","Matthew So [US]","Calyrex [Ice Rider] Miraidon"
"333","Raymond Pini [US]","Kyogre Zacian"
"334","Jonathan Chemburkar [US]","Calyrex [Ice Rider] Miraidon"
"335","Seung Lee [US]","Calyrex [Shadow Rider] Zamazenta"
"336","Stephen Williams [US]","Calyrex [Ice Rider] Miraidon"
"337","Sky Konsti [AU]","Calyrex [Ice Rider] Kyogre"
"338","Grant Laird [US]","Calyrex [Shadow Rider] Miraidon"
"339","John Patton [US]","Calyrex [Ice Rider] Kyogre"
"340","Joseph Cartin [US]","Lunala Miraidon"
"341","Shiliang Tang [CN]","Calyrex [Ice Rider] Kyogre"
"342","John Wood [US]","Calyrex [Shadow Rider] Terapagos"
"343","Phillip Wingett [US]","Mewtwo Terapagos"
"344","Kusha Kanani [DE]","Calyrex [Ice Rider] Miraidon"
"345","Miller McLemore [US]","Kyogre Zacian"
"346","Majd Serhan [US]","Kyurem [White Kyurem] Lunala"
"347","Zachary Mnich [US]","Calyrex [Shadow Rider] Koraidon"
"348","Danish Ali [US]","Miraidon Zamazenta"
"349","Aaron Traylor [US]","Calyrex [Shadow Rider] Zamazenta"
"350","George Jeno [US]","Calyrex [Ice Rider] Miraidon"
"351","Andrew Zehrer [US]","Calyrex [Ice Rider] Miraidon"
"352","Austin Le [US]","Kyogre Zamazenta"
"353","Wyatt Fout [US]","Calyrex [Shadow Rider] Zamazenta"
"354","Josh Croft [US]","Calyrex [Ice Rider] Kyogre"
"355","Aldo Loyola [MX]","Kyogre Zamazenta"
"356","Juan Lucin [EC]","Kyogre Zacian"
"357","Yuki Kono [AU]","Calyrex [Shadow Rider] Zamazenta"
"358","Jay Ray [US]","Calyrex [Ice Rider] Miraidon"
"359","Noah Stransky [US]","Koraidon Lunala"
"360","Will Tavares [CA]","Calyrex [Ice Rider] Kyogre"
"361","Arnie Wolf [US]","Calyrex [Shadow Rider] Zamazenta"
"362","Darius Helmick [US]","Calyrex [Ice Rider] Miraidon"
"363","Aaron Riker [US]","Miraidon Zamazenta"
"364","YOICHIRO KUROGI [JP]","Calyrex [Ice Rider] Miraidon"
"365","Nate Loveday [US]","Calyrex [Ice Rider] Kyogre"
"366","William Holtsbaum [CA]","Koraidon Terapagos"
"367","Max Morales [CR]","Calyrex [Shadow Rider] Zamazenta"
"368","Max Gelman [US]","Calyrex [Ice Rider] Kyogre"
"369","Brandon Kinslow [US]","Miraidon Zacian"
"370","Stephen Ramirtha [US]","Ho-Oh Miraidon"
"371","Adam Colson [US]","Calyrex [Ice Rider] Miraidon"
"372","Yichun Wu [CN]","Calyrex [Ice Rider] Kyogre"
"373","Jesse Trevino [US]","Calyrex [Shadow Rider] Koraidon"
"374","Grayson Decker [US]","Groudon Miraidon"
"375","Liam Westland [UK]","Calyrex [Ice Rider] Kyogre"
"376","Eric Bush [US]","Calyrex [Ice Rider] Miraidon"
"377","Patrick Dillon [US]","Calyrex [Shadow Rider] Terapagos"
"378","Luke Kroll [US]","Ho-Oh Miraidon"
"379","Joao Victor Basilato Dos Santos [US]","Calyrex [Shadow Rider] Koraidon"
"380","Ainsley Villafana [US]","Lunala Miraidon"
"381","Patrick Spitzer [US]","Ho-Oh Miraidon"
"382","Jahmal Daniels [US]","Koraidon Lunala"
"383","Christopher Holloway [US]","Miraidon Zamazenta"
"384","Liam McDonald [US]","Calyrex [Ice Rider] Miraidon"
"385","Miguel Garcia [US]","Calyrex [Shadow Rider] Koraidon"
"386","Jacob Toray [US]","Kyogre Zamazenta"
"387","Vardaan Bhat [US]","Ho-Oh Lunala"
"388","Justin Morris [US]","Kyogre Zamazenta"
"389","Michael Leonardis [US]","Calyrex [Shadow Rider] Zamazenta"
"390","Peter Espy [US]","Calyrex [Shadow Rider] Terapagos"
"391","Griffin Simon [US]","Calyrex [Ice Rider] Miraidon"
"392","Ryan Gordon [US]","Calyrex [Shadow Rider] Zamazenta"
"393","Trista Medine [US]","Kyogre Zacian"
"394","Jacob Mortenson [US]","Calyrex [Ice Rider] Kyogre"
"395","Lindsey Henderson-Zintz [US]","Calyrex [Ice Rider] Koraidon"
"396","Caleb Ryor [US]","Lunala Miraidon"
"397","Georgia Diakov [US]","Miraidon Terapagos"
"398","Aaron Banyard [US]","Lunala Miraidon"
"399","Nathaniel Berger [US]","Kyogre Zacian"
"400","Chris Magnuson [US]","Miraidon Rayquaza"
"401","elisa m [US]","Miraidon Zamazenta"
"402","Collin Agarwal [US]","Calyrex [Shadow Rider] Terapagos"
"403","Kristen Goh [SG]","Calyrex [Ice Rider] Miraidon"
"404","Eric Roush [US]","Groudon Miraidon"
"405","Mickey Rematore [CA]","Kyogre Zacian"
"406","Logan Castro [US]","Calyrex [Shadow Rider] Kyogre"
"407","Christopher Baez [US]","Calyrex [Shadow Rider] Zamazenta"
"408","Toby Halliday [US]","Miraidon Zamazenta"
"409","Xavier Méndez [MX]","Calyrex [Ice Rider] Miraidon"
"410","Nils Dunlop [SE]","Kyogre Zamazenta"
"411","Chris Large [US]","Lunala Miraidon"
"412","Luhou Shen [US]","Eternatus Ho-Oh"
"413","Erin Lomboy [US]","Calyrex [Ice Rider] Miraidon"
"414","Terence Taylor [US]","Calyrex [Shadow Rider] Koraidon"
"415","Griffin Peters [US]","Calyrex [Ice Rider] Miraidon"
"416","Dawei Si [CN]","Groudon Miraidon"
"417","Pablo Verástegui [PE]","Calyrex [Shadow Rider] Zamazenta"
"418","Will Thompson [US]","Calyrex [Shadow Rider] Terapagos"
"419","Mason Day [US]","Calyrex [Ice Rider] Miraidon"
"420","Brian Heck [US]","Calyrex [Shadow Rider] Zamazenta"
"421","Matthew Johnson [US]","Kyogre Solgaleo"
"422","Pranav Sharma [US]","Calyrex [Ice Rider] Kyogre"
"423","Thaison Hughes [US]","Calyrex [Ice Rider] Miraidon"
"424","Stephen Morioka [US]","Calyrex [Ice Rider] Miraidon"
"425","Logan Francesco [US]","Calyrex [Ice Rider] Miraidon"
"426","Chase Badish [US]","Calyrex [Shadow Rider] Koraidon"
"427","Zachary Spitzer [US]","Calyrex [Ice Rider] Miraidon"
"428","Jacob Waller [US]","Lunala Miraidon"
"429","Greyson Hammock [US]","Calyrex [Shadow Rider] Zamazenta"
"430","Daniel Franklin [US]","Calyrex [Shadow Rider] Zamazenta"
"431","Aria Black [US]","Koraidon Lunala"
"432","Jack Wright [US]","Ho-Oh Miraidon"
"433","Alex Marmon [US]","Calyrex [Shadow Rider] Terapagos"
"434","Eli Jaramillo [US]","Kyogre Zamazenta"
"435","Montana Mott [US]","Calyrex [Shadow Rider] Zamazenta"
"436","Jonny Davidson [US]","Calyrex [Ice Rider] Miraidon"
"437","Pavel Valencia-Acuna [MX]","Calyrex [Shadow Rider] Terapagos"
"438","George McMaster [US]","Calyrex [Shadow Rider] Koraidon"
"439","Daniel Marcelo Reyes [US]","Calyrex [Ice Rider] Miraidon"
"440","Enmanuel Zapata [US]","Groudon Lunala"
"441","Austin Swecker [US]","Calyrex [Ice Rider] Koraidon"
"442","Francisco Herrera [MX]","Calyrex [Ice Rider] Kyogre"
"443","Jered Hunn [US]","Calyrex [Ice Rider] Zamazenta"
"444","Jon VanRyckeghem [US]","Kyogre Zamazenta"
"445","Blake Falls [US]","Calyrex [Shadow Rider] Zacian"
"446","Shawn Coleman [US]","Groudon Terapagos"
"447","Kathryn Nowak [US]","Calyrex [Ice Rider] Kyogre"
"448","Alexander Poppema [US]","Calyrex [Shadow Rider] Koraidon"
"449","James Ieva [US]","Calyrex [Shadow Rider] Terapagos"
"450","Eric Tarlas [US]","Calyrex [Shadow Rider] Koraidon"
"451","Shawn Tang [SG]","Calyrex [Ice Rider] Miraidon"
"452","Matthew Cecil [US]","Calyrex [Shadow Rider] Zamazenta"
"453","Matthew Valle [US]","Calyrex [Ice Rider] Lunala"
"454","Alexander Phipps [US]","Calyrex [Ice Rider] Kyogre"
"455","Raul Pena [US]","Terapagos Zacian"
"456","Wyatt McDonald [US]","Miraidon Zamazenta"
"457","Logan Martinez [US]","Calyrex [Shadow Rider] Zamazenta"
"458","James Fos [US]","Calyrex [Shadow Rider] Koraidon"
"459","Gunwoo Lee [US]","Koraidon Lunala"
"460","Dylan Simmons [US]","Groudon Ho-Oh"
"461","Sergio Mojica [US]","Calyrex [Ice Rider] Miraidon"
"462","John Sorensen [US]","Calyrex [Shadow Rider] Zacian"
"463","Arthur Mosca [MX]","Calyrex [Shadow Rider] Zamazenta"
"464","Victoria Ly [CA]","Calyrex [Ice Rider] Necrozma [Dawn Wings]"
"465","Justin Miller [US]","Kyogre Miraidon"
"466","Ethan Jones [US]","Calyrex [Ice Rider] Miraidon"
"467","Francisco Alca Chacon [PE]","Miraidon Zamazenta"
"468","Abel Ewere [US]","Calyrex [Ice Rider] Miraidon"
"469","Kaleb Southerland [US]","Kyogre Zamazenta"
"470","Noah Singer [US]","Calyrex [Shadow Rider] Zamazenta"
"471","Ethan Vang [US]","Miraidon Zacian"
"472","Galo Orbea [EC]","Miraidon Terapagos"
"473","Austin Choi [US]","Calyrex [Ice Rider] Miraidon"
"474","Colton Davis [US]","Calyrex [Ice Rider] Miraidon"
"475","Michael Anzevino [US]","Lugia Zamazenta"
"476","Cody Hruby [US]","Calyrex [Shadow Rider] Koraidon"
"477","Louis Pierite [US]","Calyrex [Shadow Rider] Zamazenta"
"478","Cory Wilkinson [US]","Calyrex [Shadow Rider] Kyurem [White Kyurem]"
"479","Luis David Martínez Ramírez [MX]","Calyrex [Shadow Rider] Miraidon"
"480","Kyle Wilkinson [US]","Calyrex [Shadow Rider] Zamazenta"
"481","Enrique Grimaldo [US]","Calyrex [Ice Rider] Kyogre"
"482","Jeremy Gross [US]","Miraidon Terapagos"
"483","Joshua Wong [CA]","Calyrex [Shadow Rider] Terapagos"
"484","Andrew Navarro [US]","Miraidon Terapagos"
"485","Cole Cisakowski [US]","Calyrex [Ice Rider] Kyogre"
"486","Zach Holowiak [US]","Kyogre Zamazenta"
"487","Robin Lucas Bachofner [CH]","Calyrex [Shadow Rider] Lunala"
"488","Swaroop B [US]","Ho-Oh Miraidon"
"489","Alex Eley [US]","Kyogre Zamazenta"
"490","Kelsei Green [US]","Calyrex [Shadow Rider] Koraidon"
"491","Victor Delgado [US]","Calyrex [Shadow Rider] Koraidon"
"492","Alexavier Alvarez [US]","Calyrex [Shadow Rider] Zamazenta"
"493","Cole Nolan [US]","Calyrex [Shadow Rider] Zamazenta"
"494","Lance Tobey [US]","Calyrex [Shadow Rider] Koraidon"
"495","Eli Fruge [US]","Calyrex [Ice Rider] Miraidon"
"496","Keith Miller [US]","Kyogre Zacian"
"497","Alek May [US]","Kyogre Zacian"
"498","Brandon O'Donnell [US]","Calyrex [Shadow Rider] Koraidon"
"499","Alyse Johnson [US]","Terapagos Zamazenta"
"500","Logan Green [US]","Calyrex [Ice Rider] Miraidon"
"501","Adrian Heredia [US]","Kyogre Zacian"
"502","nicolas del campo [CL]","Calyrex [Ice Rider] Miraidon"
"503","Donghun Youm [US]","Miraidon Zamazenta"
"504","Austin Forcinito [US]","Calyrex [Shadow Rider] Terapagos"
"505","Andrew Perret [US]","Calyrex [Shadow Rider] Koraidon"
"506","Andy Hovis [US]","Calyrex [Shadow Rider] Zamazenta"
"507","Thomas Buddensick [US]","Calyrex [Ice Rider] Miraidon"
"508","Billy Helm [US]","Calyrex [Shadow Rider] Zamazenta"
"509","Zachary Hall [US]","Lunala Miraidon"
"510","Anthony Stephens [US]","Calyrex [Shadow Rider] Zamazenta"
"511","Taka Maenishi [JP]","Calyrex [Shadow Rider] Zamazenta"
"512","Arianna Deiro [IT]","Kyogre Zacian"
"513","Joey Woodring [US]","Kyogre Zamazenta"
"514","Satnam Benipal [US]","Calyrex [Shadow Rider] Zamazenta"
"515","Everett Perry [US]","Calyrex [Ice Rider] Miraidon"
"516","Alexander Schutte [US]","Calyrex [Ice Rider] Miraidon"
"517","Cody Smith [US]","Calyrex [Ice Rider] Miraidon"
"518","Cayden Owens [US]","Miraidon Terapagos"
"519","Andy Sheppard [US]","Ho-Oh Miraidon"
"520","Vincenzo Cicco [US]","Calyrex [Ice Rider] Miraidon"
"521","Matteo Lombardo [IT]","Lunala Miraidon"
"522","Younggyun Kim [KR]","Calyrex [Shadow Rider] Terapagos"
"523","Ian Lowther [US]","Calyrex [Ice Rider] Kyogre"
"524","Tyris McCormick [US]","Calyrex [Shadow Rider] Koraidon"
"525","Jetrick Gelacio [MX]","Calyrex [Shadow Rider] Kyogre"
"526","Will Adorno [US]","Calyrex [Ice Rider] Miraidon"
"527","Thomas Wagoner [US]","Kyogre Zacian"
"528","Mateo Vasic [US]","Ho-Oh Miraidon"
"529","Timothy Holden [US]","Miraidon Zamazenta"
"530","Micah Homick [US]","Lunala Miraidon"
"531","Ranieri Calderari [IT]","Calyrex [Shadow Rider] Zamazenta"
"532","Konrad Brunkhorst [US]","Calyrex [Ice Rider] Miraidon"
"533","Boston Elliott [US]","Groudon Miraidon"
"534","Jordan Wiseman [US]","Calyrex [Ice Rider] Miraidon"
"535","Felix Bougie [CA]","Calyrex [Shadow Rider] Rayquaza"
"536","Benjamin Harlan [US]","Calyrex [Ice Rider] Miraidon"
"537","Lorelei Hutchison [US]","Eternatus Kyogre"
"538","Dino Amendolaro [US]","Lunala Miraidon"
"539","Justin Won [US]","Calyrex [Ice Rider] Miraidon"
"540","Connor Smith [US]","Kyogre Zacian"
"541","Gina Garavalia [US]","Calyrex [Shadow Rider] Zamazenta"
"542","Omar Acuña Acevedo [CL]","Calyrex [Ice Rider] Miraidon"
"543","Jerrick Juanillo [US]","Calyrex [Ice Rider] Miraidon"
"544","Ellie Homen [US]","Calyrex [Ice Rider] Miraidon"
"545","Jamie Mancini [US]","Calyrex [Shadow Rider] Zamazenta"
"546","Anton Meßner [DE]","Calyrex [Shadow Rider] Terapagos"
"547","Matthew (Matti) Suarez [US]","Miraidon Zacian"
"548","Frank Kovacs [US]","Lunala Miraidon"
"549","Nolan Hedglin [US]","Calyrex [Shadow Rider] Koraidon"
"550","Stephen Palombo [US]","Calyrex [Shadow Rider] Koraidon"
"551","Hiram Espinosa [MX]","Calyrex [Shadow Rider] Koraidon"
"552","Tayson Jorgensen [US]","Calyrex [Ice Rider] Koraidon"
"553","Zachary Reif [US]","Calyrex [Shadow Rider] Koraidon"
"554","Jason Tang [US]","Calyrex [Shadow Rider] Koraidon"
"555","Tim Johnson [US]","Ho-Oh Miraidon"
"556","Patrick Cheng [CA]","Calyrex [Ice Rider] Lunala"
"557","Henry Ynoa [US]","Miraidon Zamazenta"
"558","Aidan Chapple [US]","Calyrex [Ice Rider] Miraidon"
"559","Kegan van Ginkel [US]","Koraidon Lunala"
"560","Luis Medina [US]","Calyrex [Shadow Rider] Terapagos"
"561","Abtin Ghaad Amini [NL]","Ho-Oh Koraidon"
"562","Jackson Comstock [US]","Calyrex [Ice Rider] Miraidon"
"563","Logan Mazur [US]","Calyrex [Shadow Rider] Terapagos"
"564","Skylar McCuistion [US]","Giratina [Origin Forme] Zamazenta"
"565","Micah Hays [US]","Calyrex [Ice Rider] Kyogre"
"566","Joshua Rivera [US]","Calyrex [Ice Rider] Miraidon"
"567","Micah Campbell [US]","Calyrex [Shadow Rider] Koraidon"
"568","Brady Ratzmann [US]","Calyrex [Shadow Rider] Terapagos"
"569","Surya Makthal [US]","Kyogre Zacian"
"570","Brent Caughey [US]","Calyrex [Ice Rider] Kyogre"
"571","Leonard Turney [US]","Miraidon Zacian"
"572","Elijah Coles [US]","Calyrex [Ice Rider] Miraidon"
"573","Kevin Bisping [US]","Koraidon Terapagos"
"574","Kevin Miller [US]","Miraidon Zamazenta"
"575","Tyler Martin [US]","Calyrex [Ice Rider] Miraidon"
"576","Andrew Kornfeld [US]","Miraidon Necrozma [Dusk Mane]"
"577","Ryan Nesmith [US]","Calyrex [Shadow Rider] Zamazenta"
"578","Andrew Nichols [US]","Calyrex [Shadow Rider] Kyogre"
"579","Kat Wible [US]","Calyrex [Ice Rider] Kyogre"
"580","Ben Wolf [US]","Lunala Miraidon"
"581","Adrian Connor [US]","Calyrex [Shadow Rider] Miraidon"
"582","Stefan Reginelli [US]","Lunala Miraidon"
"583","Vince Cantello [US]","Calyrex [Shadow Rider] Koraidon"
"584","Angel Requena [US]","Calyrex [Ice Rider] Miraidon"
"585","Xavier Ayala [US]","Calyrex [Shadow Rider] Terapagos"
"586","Zoe Lou [AU]","Calyrex [Ice Rider] Miraidon"
"587","Erick Gallegos [US]","Kyogre Miraidon"
"588","Taylor Sprouse [US]","Kyogre Zamazenta"
"589","Albert Larsen [US]","Calyrex [Shadow Rider] Koraidon"
"590","Chris Vroom [US]","Calyrex [Ice Rider] Kyogre"
"591","Julian Hernandez-Perocier [US]","Kyogre Zacian"
"592","Jake Erickson [US]","Calyrex [Shadow Rider] Koraidon"
"593","Joshua Albarran [US]","Calyrex [Ice Rider] Miraidon"
"594","Muhammad Yusuf [US]","Calyrex [Ice Rider] Kyogre"
"595","Colby Parker [US]","Kyogre Zamazenta"
"596","Júlio Eller [BR]","Calyrex [Shadow Rider] Koraidon"
"597","Piero Ochoa [US]","Calyrex [Shadow Rider] Koraidon"
"598","Paro Sen [US]","Calyrex [Ice Rider] Koraidon"
"599","Alvin Mo [US]","Kyogre Palkia [Origin Forme]"
"600","Brandon Davis [US]","Calyrex [Ice Rider] Lunala"
"601","Andrew Johnson [US]","Groudon Miraidon"
"602","Brendan Przywara [US]","Ho-Oh Koraidon"
"603","Darren Brown [US]","Calyrex [Shadow Rider] Koraidon"
"604","Bernard Herron [US]","Calyrex [Shadow Rider] Koraidon"
"605","Declan Lomboy [US]","Ho-Oh Miraidon"
"606","Amber Elinsky [US]","Kyogre Zamazenta"
"607","John Stephenson [US]","Calyrex [Shadow Rider] Koraidon"
"608","Tariq Woods [US]","Calyrex [Shadow Rider] Koraidon"
"609","Dominic DaSilva [US]","Kyogre Zacian"
"610","Jack Mountain [US]","Kyogre Zacian"
"611","Cody Sharp [US]","Koraidon Zamazenta"
"612","Deidre Rodriguez [US]","Calyrex [Shadow Rider] Zamazenta"
"613","Lindsey Miles [US]","Calyrex [Ice Rider] Miraidon"
"614","Liz Gutierrez [US]","Calyrex [Ice Rider] Lunala"
"615","Landon Story [US]","Kyogre Zacian"
"616","Riley Loster [US]","Calyrex [Ice Rider] Miraidon"
"617","Miguel Zurita [US]","Calyrex [Ice Rider] Miraidon"
"618","Caleb Hubka [US]","Groudon Miraidon"
"619","Tyler Crafts [US]","Calyrex [Shadow Rider] Zamazenta"
"620","Isaac Edmond [US]","Calyrex [Shadow Rider] Koraidon"
"621","David Ochoa [US]","Groudon Miraidon"
"622","Richard Salazar [US]","Calyrex [Ice Rider] Miraidon"
"623","Luke Bowar [US]","Calyrex [Ice Rider] Lunala"
"624","John Masters [US]","Calyrex [Ice Rider] Lunala"
"625","Cody Mullis [US]","Calyrex [Ice Rider] Miraidon"
"626","Sanjeev Anand [US]","Calyrex [Ice Rider] Miraidon"
"627","Zachary White [US]","Miraidon Zamazenta"
"628","Christopher Cech [US]","Calyrex [Shadow Rider] Zamazenta"
"629","Juan Vildósola [MX]","Calyrex [Ice Rider] Reshiram"
"630","Christian Adams [US]","Calyrex [Ice Rider] Miraidon"
"631","Jules Gallo [US]","Koraidon Lunala"
"632","Carlos Gallegos [US]","Calyrex [Shadow Rider] Koraidon"
"633","Alex High [US]","Koraidon Lunala"
"634","Joshua Robinson [US]","Calyrex [Ice Rider] Terapagos"
"635","Christopher Saint-Germain [US]","Calyrex [Ice Rider] Zacian"
"636","Joshua Jones [US]","Calyrex [Shadow Rider] Koraidon"
"637","Alberto Lara [US]","Calyrex [Ice Rider] Miraidon"
"638","Ofomezie Emelle [US]","Calyrex [Ice Rider] Miraidon"
"639","Braden Clemens [CA]","Calyrex [Shadow Rider] Terapagos"
"640","Tanner Mask [US]","Calyrex [Ice Rider] Miraidon"
"641","Meg Walls [US]","Calyrex [Ice Rider] Miraidon"
"642","Michael Arand [US]","Calyrex [Shadow Rider] Zamazenta"
"643","Anthony Londergan [US]","Calyrex [Ice Rider] Kyogre"
"644","Marcos Perez [US]","Calyrex [Ice Rider] Miraidon"
"645","Anthony Nevarez [US]","Calyrex [Ice Rider] Miraidon"
"646","Rob McNeilly [US]","Calyrex [Shadow Rider] Zamazenta"
"647","Ian Pummell [US]","Calyrex [Shadow Rider] Rayquaza"
"648","Diego Chan [US]","Calyrex [Ice Rider] Miraidon"
"649","Oscar Torres [US]","Calyrex [Shadow Rider] Zamazenta"
"650","Chengyu Wang [CN]","Lunala Miraidon"
"651","Samuel Wakeman [US]","Groudon Miraidon"
"652","Jairo Contreras [US]","Calyrex [Shadow Rider] Zamazenta"
"653","Adrian Gongora [US]","Giratina [Origin Forme] Zamazenta"
"654","Noah Smith [US]","Koraidon Lunala"
"655","Kimo Nishimura [US]","Calyrex [Ice Rider] Miraidon"
"656","Rafael Gonzalez [GT]","Lunala Miraidon"
"657","Nader El bacha [BR]","Calyrex [Ice Rider] Miraidon"
"658","Ian Holdeman [US]","Calyrex [Ice Rider] Kyogre"
"659","Max Silinskas [US]","Lunala Miraidon"
"660","Hector Vargas [US]","Calyrex [Shadow Rider] Terapagos"
"661","Chad Hewitt [US]","Miraidon Zamazenta"
"662","Cordel Michel [US]","Calyrex [Ice Rider] Kyogre"
"663","Melody Ash [US]","Miraidon Zacian"
"664","Kamaal Harris [US]","Calyrex [Ice Rider] Kyogre"
"665","Padrick Moran [US]","Koraidon Lunala"
"666","Michael Lohr [US]","Calyrex [Shadow Rider] Zamazenta"
"667","David Acevedo [US]","Calyrex [Ice Rider] Miraidon"
"668","Luis Mendez [US]","Calyrex [Ice Rider] Miraidon"
"669","Rowan Hall [US]","Miraidon Zamazenta"
"670","Vincent Espino [US]","Calyrex [Ice Rider] Kyogre"
"671","Michael Alfinito [US]","Calyrex [Shadow Rider] Zamazenta"
"672","Nathan Potter [US]","Calyrex [Shadow Rider] Zamazenta"
"673","Thomas Park [US]","Calyrex [Shadow Rider] Zamazenta"
"674","William McMillan [US]","Calyrex [Shadow Rider] Kyogre"
"675","Alexis Esparza [US]","Calyrex [Ice Rider] Miraidon"
"676","Walter Morales [US]","Miraidon Zamazenta"
"677","Sean Binek [US]","Miraidon Zamazenta"
"678","Jacob Bleacher [US]","Calyrex [Ice Rider] Miraidon"
"679","Kyle Hooter [US]","Lunala Miraidon"
"680","Adit Selvaraj [US]","Calyrex [Shadow Rider] Zamazenta"
"681","Nick Harper [US]","Lunala Miraidon"
"682","Aaron Medina [US]","Lunala Miraidon"
"683","Gwenn Cox [US]","Calyrex [Shadow Rider] Terapagos"
"684","Tanner Nelson [US]","Calyrex [Ice Rider] Miraidon"
"685","Giovanni Aranibar [BO]","Lunala Miraidon"
"686","Adam Warren [US]","Calyrex [Shadow Rider] Terapagos"
"687","Colby Tuttle [US]","Calyrex [Shadow Rider] Zamazenta"
"688","Brian Collins [US]","Calyrex [Shadow Rider] Terapagos"
"689","Patrick Minchey [US]","Kyogre Miraidon"
"690","David Santana [US]","Calyrex [Ice Rider] Miraidon"
"691","Chris D'Entremont [US]","Miraidon Zacian"
"692","Kenneth Stevens Jr [US]","Calyrex [Ice Rider] Kyogre"
"693","Andrew Wilson [US]","Calyrex [Ice Rider] Miraidon"
"694","Cruz Montano Valdez [US]","Ho-Oh Miraidon"
"695","Kevin Hankins [US]","Calyrex [Shadow Rider] Miraidon"
"696","Joe Puhr [US]","Calyrex [Ice Rider] Miraidon"
"697","Austin Frank [US]","Calyrex [Ice Rider] Kyogre"
"698","Taran Birdee [UK]","Miraidon Zamazenta"
"699","Dillon Clark [US]","Calyrex [Shadow Rider] Miraidon"
"700","Kevin Guzman [US]","Lunala Zamazenta"
"701","Joshua VanValkenburgh [US]","Lunala Miraidon"
"702","Kazuki Kanehira [US]","Calyrex [Ice Rider] Miraidon"
"703","Enrique Ruisanchez [US]","Calyrex [Ice Rider] Miraidon"
"704","Seabass McChops [US]","Kyogre Zacian"
"705","Alex Qian [US]","Eternatus Terapagos"
"706","Zachary Carlson [US]","Calyrex [Shadow Rider] Zamazenta"
"707","Jonathan Marshall [US]","Giratina [Origin Forme] Miraidon"
"708","Ale Piscitelli [CA]","Kyogre Zacian"
"709","Jason Roush [US]","Groudon Miraidon"
"710","Yan Yuen [US]","Calyrex [Ice Rider] Miraidon"
"711","AC Williams [US]","Calyrex [Ice Rider] Miraidon"
"712","David Thompson [US]","Miraidon Zacian"
"713","John Grossi [US]","Koraidon Lunala"
"714","Fletcher Dean [US]","Miraidon Zacian"
"715","Tristen Nelms [US]","Calyrex [Shadow Rider] Koraidon"
"716","Leigh Huckabee [US]","Calyrex [Shadow Rider] Miraidon"
"717","Audric David [FR]","Lunala Miraidon"
"718","Adam Head [US]","Calyrex [Ice Rider] Miraidon"
"719","Tyler Hanan [US]","Ho-Oh Koraidon"
"720","Edgar Abundes [US]","Lunala Miraidon"
"721","Brian Franco [US]","Koraidon Lunala"
"722","Sam Eddy Kelly [US]","Calyrex [Ice Rider] Kyogre"
"723","Rudy Cantu [US]","Calyrex [Ice Rider] Miraidon"
"724","Olivia Schemmel [US]","Groudon Ho-Oh"
"725","Michael Maus [US]","Lunala Miraidon"
"726","Kristopher Horsey [US]","Calyrex [Shadow Rider] Miraidon"
"727","Michael Meza [US]","Lunala Miraidon"
"728","Joseph DeRogatis [US]","Calyrex [Shadow Rider] Koraidon"
"729","O'Bryant Vinson [US]","Calyrex [Shadow Rider] Zacian"
"730","Ben Larson [US]","Lunala Miraidon"
"731","Jared Ramos [US]","Miraidon Terapagos"
"732","Luke Rollins [US]","Calyrex [Shadow Rider] Zamazenta"
"733","Eric Bartlett [US]","Calyrex [Ice Rider] Miraidon"
"734","Chalkey Horenstein [US]","Calyrex [Ice Rider] Miraidon"
"735","Rajan Bal [US]","Miraidon Terapagos"
"736","Eric Stuart [US]","Calyrex [Shadow Rider] Zamazenta"
"737","Bryce Hosaflook [US]","Calyrex [Shadow Rider] Koraidon"
"738","Robert Whalen [US]","Kyogre Zacian"
"739","Aaron-Lee Cole [AU]","Calyrex [Shadow Rider] Zamazenta"
"740","Hayley Aldworth [US]","Calyrex [Shadow Rider] Groudon"
"741","Christian Hoffman [US]","Calyrex [Ice Rider] Miraidon"
"742","Joaquin Mosre [US]","Koraidon Lunala"
"743","Jacob Bearden [US]","Calyrex [Shadow Rider] Koraidon"
"744","Ryan Spitzer [US]","Calyrex [Ice Rider] Koraidon"
"745","Steven Peek [US]","Lunala Miraidon"
"746","Torey Powers [US]","Kyogre Zacian"
"747","Joshua Rebatta [US]","Calyrex [Shadow Rider] Koraidon"
"748","Benjamin Brickeen [US]","Koraidon Miraidon"
"749","Andrew Rocha [US]","Calyrex [Shadow Rider] Miraidon"
"750","Jaquincy Nelson [US]","Dialga [Origin Forme] Miraidon"
"751","Madison Kennedy [US]","Koraidon Lunala"
"752","Jacob O'Connor [US]","Ho-Oh Miraidon"
"753","Reid Goodrich [US]","Calyrex [Shadow Rider] Zamazenta"
"754","Bill O'Connell [US]","Calyrex [Ice Rider] Miraidon"
"755","Angel Armando Arriaga Trevino [MX]","Kyogre Zacian"
"756","Aidan Patterson [US]","Lunala Miraidon"
"757","Carl Wilken [US]","Calyrex [Ice Rider] Miraidon"
"758","Elijah Smith [US]","Ho-Oh Lunala"
"759","Jeremy Chestnutt [US]","Lunala Miraidon"
"760","Celeste Scalzo [US]","Calyrex [Ice Rider] Miraidon"
"761","Vaughn Taylor [US]","Lunala Zamazenta"
"762","Sierra Dawn [CA]","Calyrex [Ice Rider] Miraidon"
"763","Kailey Hart [US]","Calyrex [Ice Rider] Miraidon"
"764","Nick Smith [US]","Calyrex [Ice Rider] Miraidon"
"765","Carden Shelly [US]","Miraidon Zacian"
"766","Alexander Reyes [US]","Calyrex [Shadow Rider] Zamazenta"
"767","Aaron Tunstall [US]","Calyrex [Shadow Rider] Koraidon"
"768","Jarvis Marcano [US]","Calyrex [Shadow Rider] Zamazenta"
"769","Michael Holloway [US]","Koraidon Miraidon"
"770","Jeffery Short [US]","Kyogre Zacian"
"771","Lucas Johnston [US]","Koraidon Lunala"
"772","David Harupa [US]","Calyrex [Shadow Rider] Zamazenta"
"773","Andrew Beltran [US]","Groudon Lunala"
"774","Christopher Patino [US]","Calyrex [Shadow Rider] Zacian"
"775","Matthew Starzyk [US]","Calyrex [Shadow Rider] Miraidon"
"776","Kyle Moore [US]","Calyrex [Shadow Rider] Koraidon"
"777","Daniel Ricano [US]","Calyrex [Ice Rider] Miraidon"
"778","Sarah Sparks [US]","Calyrex [Ice Rider] Kyogre"
"779","Liam Tallo [US]","Calyrex [Ice Rider] Miraidon"
"780","Nicolas Spencer [US]","Koraidon Lunala"
"781","Heather Pohnan [US]","Calyrex [Ice Rider] Miraidon"
"782","Armando Gutierrez [US]","Calyrex [Ice Rider] Miraidon"
"783","Daniel Schiabor [US]","Ho-Oh Miraidon"
"784","Timothy Nixon [US]","Koraidon Lunala"
"785","Trent Zagursky [US]","Groudon Koraidon"
"786","Will Wetzel [US]","Calyrex [Shadow Rider] Kyogre"
"787","Joel Hernandez [US]","Kyogre Zacian"
"788","Omar Farfan [US]","Calyrex [Ice Rider] Kyogre"
"789","Michael Cruz [US]","Calyrex [Ice Rider] Miraidon"
"790","",""
"791","Aaron Allen [US]","Calyrex [Ice Rider] Miraidon"
"792","Maximilian Klaus [US]","Calyrex [Ice Rider] Miraidon"
"793","James Lim [US]","Kyogre Miraidon"
"794","Adrian Hazel [US]","Kyogre Zacian"
"795","Nitesh Manem [US]","Calyrex [Ice Rider] Kyogre"
"796","Steven Stark [US]","Calyrex [Ice Rider] Miraidon"
"797","Madison Morrell [US]","Miraidon Zamazenta"
"798","Daniel Medina [US]","Miraidon Zacian"
"799","Nathaniel Perry [US]","Miraidon Zamazenta"
"800","William Jewell [US]","Calyrex [Ice Rider] Kyogre"
"801","Vijay Sood [US]","Terapagos Zacian"
"802","Chance DuBose [US]","Miraidon Terapagos"
"803","Joshua Stevens [US]","Calyrex [Ice Rider] Kyogre"
"804","Mitchell Fleming [US]","Calyrex [Shadow Rider] Koraidon"
"805","Matthew Molnar [US]","Calyrex [Shadow Rider] Kyogre"
"806","Matthew Davis [US]","Calyrex [Shadow Rider] Kyogre"
"807","Colby Harrison [US]","Koraidon Lunala"
"808","Xavier Ibarra [US]","Ho-Oh Miraidon"
"809","Santiago Salazar-Guerra [VE]","Lunala Miraidon"
"810","Dylan Stone [US]","Calyrex [Ice Rider] Miraidon"
"811","Hugo Alberto Castillo Sánchez [MX]","Calyrex [Ice Rider] Miraidon"
"812","Roland Barbaza [US]","Koraidon Zamazenta"
"813","Andrew Larsen [US]","Calyrex [Shadow Rider] Zamazenta"
"814","Michaela Edwards [US]","Calyrex [Ice Rider] Miraidon"
"815","Marcus Fussell [US]","Groudon Miraidon"
"816","Yohance Williams [US]","Calyrex [Shadow Rider] Koraidon"
"817","Jayson Kelley [US]","Calyrex [Shadow Rider] Zamazenta"
"818","Will Ross [US]","Calyrex [Ice Rider] Miraidon"
"819","Douglas Whitney [US]","Calyrex [Shadow Rider] Zamazenta"
"820","Samantha Smith [US]","Lunala Miraidon"
"821","Alexander Bambico [US]","Calyrex [Ice Rider] Miraidon"
"822","Jeb Goodwin [US]","Calyrex [Shadow Rider] Koraidon"
"823","Julio Guzman [US]","Ho-Oh Miraidon"
"824","William Krayer [US]","Calyrex [Ice Rider] Eternatus"
"825","Daniel Leon [CO]","Koraidon Miraidon"
"826","Jordan Hennix [US]","Calyrex [Ice Rider] Miraidon"
"827","Trey Jackson [US]","Calyrex [Shadow Rider] Miraidon"
"828","Martin Villegas [US]","Calyrex [Shadow Rider] Koraidon"
"829","Cedric Jones [US]","Calyrex [Ice Rider] Miraidon"
"830","Arthur Givens [US]","Calyrex [Ice Rider] Miraidon"
"831","Clay Becker [US]","Calyrex [Shadow Rider] Miraidon"
"832","James Scott [US]","Groudon Miraidon"
"833","Matt Schmucker [US]","Ho-Oh Koraidon"
"834","Dylan Salter [US]","Ho-Oh Miraidon"
"835","Brian Pattison [US]","Calyrex [Ice Rider] Kyogre"
"836","Ricky Keller [US]","Calyrex [Shadow Rider] Koraidon"
"837","Gabriel Ortiz [US]","Koraidon Terapagos"
"838","Parker Simmons [US]","Calyrex [Ice Rider] Miraidon"
"839","Benjamin Dyer [US]","Groudon Lunala"
"840","Rachel Lambert [US]","Miraidon Zamazenta"
"841","Felix De La Riva [US]","Calyrex [Ice Rider] Miraidon"
"842","Chase Frye [US]","Calyrex [Shadow Rider] Groudon"
"843","Sean Silberer [CA]","Calyrex [Shadow Rider] Koraidon"
"844","Jason Pham [US]","Kyogre Miraidon"
"845","",""
"846","Ian McLaughlin [US]","Koraidon Miraidon"
"847","Dylan Rutledge [US]","Lunala Miraidon"
"848","Patrick Donegan [US]","Calyrex [Ice Rider] Lunala"
"849","Cory Craven [US]","Groudon Lunala"
"850","Jonathan Lin [US]","Calyrex [Shadow Rider] Kyogre"
"851","Collin Beer [US]","Groudon Miraidon"
"852","Dalton Hale [US]","Kyogre Zacian"
"853","Thomas Vehlewald [US]","Groudon Zacian"
"854","Branden Wilhelm [US]","Miraidon Zamazenta"
"855","Jourdan Harris [US]","Calyrex [Ice Rider] Koraidon"
"856","Abdul Barrie [US]","Calyrex [Ice Rider] Koraidon"
"857","Giulio Tarlao [IT]","Calyrex [Shadow Rider] Terapagos"
"858","Philip Miller [US]","Calyrex [Shadow Rider] Zamazenta"
"859","Charlie Stray [US]","Miraidon Zacian"
"860","Gwen Edgar [US]","Kyogre Zacian"
"861","Matthew Gonzalez [US]","Kyogre Zacian"
"862","Jancarlo Samayoa [US]","Kyogre Zacian"
"863","Josh Robinson [US]","Calyrex [Shadow Rider] Koraidon"
"864","Emma Brooks [CA]","Calyrex [Shadow Rider] Zamazenta"
"865","Chase Meshell [US]","Calyrex [Shadow Rider] Koraidon"
"866","Larry Thornton [US]","Calyrex [Shadow Rider] Zamazenta"
"867","Andrew Lavigne [US]","Kyogre Zacian"
"868","Daniel Vieira [BR]","Calyrex [Shadow Rider] Miraidon"
"869","Israel Warren Sage Amistad [US]","Lunala Miraidon"
"870","Claire Van Dyke [US]","Calyrex [Shadow Rider] Terapagos"
"871","Matt Tidd [CA]","Lunala Miraidon"
"872","Bryce Spears [US]","Miraidon Zamazenta"
"873","Tyler Musemeche [US]","Eternatus Ho-Oh"
"874","Brandon Tuchtenhagen [US]","Calyrex [Ice Rider] Zamazenta"
"875","Jay Villafranca [US]","Calyrex [Shadow Rider] Terapagos"
"876","Sean Flatten [US]","Calyrex [Ice Rider] Kyogre"
"877","Dylan Matthews [US]","Miraidon Zamazenta"
"878","Aditya Subramanian [US]","Miraidon Terapagos"
"879","Daniel Hill [US]","Calyrex [Shadow Rider] Koraidon"
"880","Gabriel MonteLeon [US]","Calyrex [Shadow Rider] Zamazenta"
"881","KaSun Thompson [US]","Ho-Oh Terapagos"
"882","Josh Krieger [US]","Calyrex [Shadow Rider] Dialga [Origin Forme]"
"883","Scott Kirby [US]","Koraidon Lunala"
"884","Saelyn Turner [US]","Calyrex [Shadow Rider] Koraidon"
"885","Christopher Folan [US]","Calyrex [Ice Rider] Lunala"
"886","Brian Hays [US]","Groudon Ho-Oh"
"887","Victor Liu [US]","Calyrex [Ice Rider] Miraidon"
"888","Roberto Ferri [IT]","Calyrex [Ice Rider] Miraidon"
"889","Aidan Lee [US]","Miraidon Zamazenta"
"890","William Yee [US]","Calyrex [Ice Rider] Lunala"
"891","Brandon Wright [US]","Koraidon Miraidon"
"892","Abigail Watson [US]","Calyrex [Ice Rider] Miraidon"
"893","Diego Santiago-Rodriguez [US]","Lunala Miraidon"
"894","Shray Chakraborty [US]","Calyrex [Shadow Rider] Kyogre"
"895","Jeongbin Pak [US]","Kyogre Zamazenta"
"896","Guo Chen [CN]","Calyrex [Ice Rider] Miraidon"
"897","Hao Dai [CN]","Calyrex [Ice Rider] Groudon"
"898","Clayton Christensen [US]","Calyrex [Shadow Rider] Koraidon"
"899","Alfredo Tamayo [US]","Kyogre Zamazenta"
"900","Eric Payne [US]","Groudon Kyogre"
"901","Alexander Wind [US]","Calyrex [Ice Rider] Miraidon"
"902","Max Camacho [US]","Koraidon Terapagos"
"903","Connor Williams [US]","Calyrex [Ice Rider] Miraidon"
"904","Paul Heine [US]","Ho-Oh Miraidon"
"905","Martin Schmidt [US]","Kyurem [White Kyurem] Zekrom"
"906","Adam Scruggs [US]","Calyrex [Shadow Rider] Zamazenta"
"907","Victor Cabrera [US]","Calyrex [Shadow Rider] Zamazenta"
"908","Marcelo Rondon [US]","Calyrex [Shadow Rider] Koraidon"
"909","Thomas Hayden [US]","Calyrex [Shadow Rider] Miraidon"
"910","Zech Falkner [CA]","Calyrex [Ice Rider] Miraidon"
"911","Chris Yingling [US]","Calyrex [Ice Rider] Necrozma [Dawn Wings]"
"912","Andrew Chen [US]","Lunala Miraidon"
"913","CJ Moritz [US]","Calyrex [Shadow Rider] Koraidon"
"914","Ryan Gartland [US]","Calyrex [Ice Rider] Miraidon"
"915","Marco Antonio Rodriguez Garcia [MX]","Calyrex [Shadow Rider] Zamazenta"
"916","Jackson Steene [US]","Calyrex [Ice Rider] Kyogre"
"917","Garrett Wilson [US]","Calyrex [Shadow Rider] Koraidon"
"918","Rohan Muthukumar [US]","Lunala Zacian"
"919","Ryan Oswalt [US]","Calyrex [Shadow Rider] Terapagos"
"920","Andrew Briceno [US]","Calyrex [Ice Rider] Miraidon"
"921","Phinn Sayegh [US]","Calyrex [Shadow Rider] Koraidon"
"922","Ellie Gray [US]","Calyrex [Shadow Rider] Kyogre"
"923","Miroslawa Morioka [US]","Lunala Miraidon"
"924","Aaron Hadley [US]","Calyrex [Ice Rider] Miraidon"
"925","Chris Strickland [US]","Calyrex [Ice Rider] Miraidon"
"926","Benji Carney [US]","Calyrex [Ice Rider] Miraidon"
"927","Marcos Rodriguez [US]","Koraidon Lunala"
"928","Nicholas Follo [US]","Calyrex [Shadow Rider] Koraidon"
"929","Tristan Carlock [US]","Kyogre Miraidon"
"930","Ethan Haberle [US]","Calyrex [Ice Rider] Miraidon"
"931","Kyle Lyon [US]","Calyrex [Ice Rider] Miraidon"
"932","Peter Ha [US]","Kyogre Zacian"
"933","Orlando Jose Ruiz [US]","Calyrex [Shadow Rider] Rayquaza"
"934","Hallie Menkhaus [US]","Lunala Miraidon"
"935","Ryan Magee [US]","Calyrex [Ice Rider] Terapagos"
"936","Joseph Garcia-Roque [US]","Calyrex [Ice Rider] Terapagos"
"937","Ali Jaeger [US]","Calyrex [Ice Rider] Lunala"
"938","John Nguyen [US]","Calyrex [Ice Rider] Lunala"
"939","Austin Cintron [US]","Koraidon Lunala"
"940","Hannah Guetterman [US]","Calyrex [Ice Rider] Miraidon"
"941","Edwin Gonzales [US]","Calyrex [Shadow Rider] Kyogre"
"942","Kirsten Warkow [US]","Koraidon Lunala"
"943","Brett Clark [US]","Miraidon Zamazenta"
"944","Rell Debow [US]","Calyrex [Shadow Rider] Koraidon"
"945","Rod Guidry [US]","Calyrex [Shadow Rider] Koraidon"
"946","Simon Cox [US]","Groudon Zamazenta"
"947","Tyler Struebing [US]","Calyrex [Ice Rider] Kyogre"
"948","Jared Blahnik [US]","Kyogre Miraidon"
"949","Jordan Kilpatrick [US]","Calyrex [Shadow Rider] Zamazenta"
"950","Alex Dickinson [US]","Koraidon Miraidon"
"951","Hazel Mewett [US]","Calyrex [Ice Rider] Miraidon"
"952","Joseph Morgan [US]","Giratina [Origin Forme] Koraidon"
"953","Brendan McAdorey [CA]","Calyrex [Ice Rider] Miraidon"
"954","Gabby Snyder [US]","Calyrex [Ice Rider] Miraidon"
"955","Myles Jones [US]","Kyogre Zacian"
"956","Turner Blizard [US]","Ho-Oh Miraidon"
"957","Luis Patiño III [US]","Terapagos Zacian"
"958","Abby Raymond [US]","Groudon Miraidon"
"959","Jonathan Cerrato [US]","Ho-Oh Koraidon"
"960","Bryanne Berry [US]","Calyrex [Shadow Rider] Terapagos"
"961","William Nelms [US]","Koraidon Miraidon"
"962","Gabriel Mendoza [US]","Calyrex [Shadow Rider] Miraidon"
"963","Ty Orgeron [US]","Calyrex [Ice Rider] Miraidon"
"964","Austin Shortes [US]","Calyrex [Ice Rider] Kyogre"
"965","Michael Epperson [US]","Kyogre Zamazenta"
"966","Adrian Granados [MX]","Lunala Miraidon"
"967","Ephraim Miller [US]","Calyrex [Ice Rider] Miraidon"
"968","Vance Barger [US]","Miraidon Terapagos"
"969","Rex Holmberg [US]","Miraidon Zacian"
"970","Jose Lira [US]","Kyogre Miraidon"
"971","Tyrone Waldon [US]","Lunala Miraidon"
"972","Joy Monardo [US]","Miraidon Terapagos"
"973","Gabriel Mott [US]","Lunala Zacian"
"974","Casey Meehan [US]","Calyrex [Shadow Rider] Koraidon"
"975","Dylan Smith [US]","Koraidon Lunala"
"976","Julia Houha [US]","Calyrex [Ice Rider] Miraidon"
"977","Nicolas Retzlaff [US]","Eternatus Lunala"
"978","Israel Fermin Mojica [US]","Miraidon Zamazenta"
"979","David Donner [CA]","Calyrex [Ice Rider] Miraidon"
"980","Joey McNatt [US]","Ho-Oh Terapagos"
"981","Michael Cook [US]","Lunala Miraidon"
"982","Nic Quade [US]","Lunala Miraidon"
"983","Frankie Holland [US]","Terapagos Zacian"
"984","Wade Felts [US]","Koraidon Miraidon"
"985","Jackie B [US]","Calyrex [Shadow Rider] Zamazenta"
"986","Brandon Stevens [US]","Calyrex [Shadow Rider] Zamazenta"
"987","Danny Suarez [US]","Calyrex [Ice Rider] Miraidon"
"988","Matthew Marshall [US]","Lunala Miraidon"
"989","James Dimarco [US]","Calyrex [Shadow Rider] Zamazenta"
"990","John Capezzuto [US]","Calyrex [Ice Rider] Miraidon"
"991","Maureen Cox [US]","Calyrex [Shadow Rider] Koraidon"
"992","Gian Rivasplata [US]","Calyrex [Ice Rider] Lunala"
"993","Koba Davis [US]","Zamazenta"
"994","Collin Matthews [US]","Calyrex [Shadow Rider] Zamazenta"
"995","Carlos Aguirre [US]","Calyrex [Ice Rider] Necrozma [Dawn Wings]"
"996","Shaun Arms [US]","Dialga [Origin Forme] Kyogre"
"997","Natalee Drake [US]","Lunala Miraidon"
"998","Michael Barbee [US]","Lunala Miraidon"
"999","Khalil HOGGUI [FR]","Calyrex [Ice Rider] Miraidon"
"1000","Jordan Morse [US]","Calyrex [Shadow Rider] Zacian"
"1001","Jalen Banks [US]","Kyogre Zacian"
"1002","Chase Rhodes [US]","Koraidon Lunala"
"1003","David Rosemon [US]","Lunala Miraidon"
"1004","Michael Walsh [US]","Calyrex [Shadow Rider] Koraidon"
"1005","Travis Chaplin [US]","Kyogre Zacian"
"1006","Taylor Marzuco [US]","Calyrex [Shadow Rider] Koraidon"
"1007","Mason Cutler [US]","Calyrex [Shadow Rider] Zamazenta"
"1008","Rily Corn [US]","Miraidon Zamazenta"
"1009","Ryan Haig [US]","Calyrex [Shadow Rider] Kyogre"
"1010","Becca Gammage [US]","Calyrex [Shadow Rider] Terapagos"
"1011","Matthew Manning [US]","Calyrex [Ice Rider] Miraidon"
"1012","Hunter Jones [US]","Kyogre Zacian"
"1013","Luna Zilkha [US]","Calyrex [Shadow Rider] Koraidon"
"1014","Austin Smothers [US]","Miraidon Zamazenta"
"1015","Gabriel Dominguez [US]","Calyrex [Shadow Rider] Koraidon"
"1016","Heriberto Pacaje [CL]","Calyrex [Ice Rider] Groudon"
"1017","Eric Luong [CA]","Calyrex [Shadow Rider] Miraidon"
"1018","Matt Marcial [US]","Calyrex [Ice Rider] Miraidon"
"1019","Rockwell Anyoha [US]","Lunala Rayquaza"
"1020","Dre Ford [US]","Koraidon Lunala"
"1021","Matthew Faucett [US]","Calyrex [Ice Rider] Miraidon"
"1022","Tyler Stuhaan [US]","Calyrex [Shadow Rider] Koraidon"
"1023","Emma Cox [US]","Calyrex [Shadow Rider] Terapagos"
"1024","Alisha Graley [US]","Calyrex [Shadow Rider] Koraidon"
"1025","John Rutledge [US]","Kyurem [Black Kyurem] Miraidon"
"1026","Christopher Lazarus [US]","Koraidon Lunala"
"1027","Masa Suzuki [US]","Lunala Miraidon"
"1028","Jordi Casado Rejas [ES]","Koraidon Lunala"
"1029","Wesley Fisher [US]","Calyrex [Ice Rider] Kyogre"
"1030","Daniel Jacob [US]","Calyrex [Shadow Rider] Zamazenta"
"1031","Samuel Vogel [US]","Koraidon Lunala"
"1032","Samuel Bartrop [US]","Koraidon Lunala"
"1033","Eric Martinez [US]","Calyrex [Shadow Rider] Terapagos"
"1034","ivan girard [US]","Calyrex [Ice Rider] Miraidon"
"1035","Sarina Compagnino [US]","Groudon Zamazenta"
"1036","Anthony Simms [US]","Calyrex [Shadow Rider] Zacian"
"1037","Amanda Vehlewald [US]","Groudon Zacian"
"1038","Edwin Alejandro [US]","Lunala Miraidon"
"1039","Zach Knight [US]","Calyrex [Shadow Rider] Zamazenta"
"1040","Blake Trahan [US]","Lunala Miraidon"
"1041","Michael Puffpaff [US]","Miraidon Rayquaza"
"1042","Dom Caesar [US]","Calyrex [Shadow Rider] Zamazenta"
"1043","Aidan Schneider [US]","Lunala Miraidon"
"1044","Ian Turner [US]","Lunala Miraidon"
"1045","Emily Mulloy [US]","Calyrex [Shadow Rider] Terapagos"
"1046","Esdras Forch [US]","Calyrex [Ice Rider] Miraidon"
"1047","Ryan Stahler [US]","Calyrex [Ice Rider] Kyogre"
"1048","Michael Bishop [US]","Koraidon Lunala"
"1049","Oscar Gil [US]","Calyrex [Shadow Rider] Koraidon"
"1050","ShaDaizia Aiken [US]","Calyrex [Ice Rider] Miraidon"
"1051","John Dunn [US]","Calyrex [Ice Rider] Dialga [Origin Forme]"
"1052","Tai Ireland [US]","Kyogre Zacian"
"1053","Derrick Elmore [US]","Calyrex [Shadow Rider] Koraidon"
"1054","Richard Wan [US]","Lunala Miraidon"
"1055","Ben Dickinson [US]","Groudon Miraidon"
"1056","Nicholas Mitchell [US]","Koraidon Zamazenta"
"1057","Markus McGee [US]","Lunala Miraidon"
"1058","Akhil Goel [US]","Calyrex [Ice Rider] Groudon"
"1059","Roberto Martinez [US]","Koraidon Lunala"
"1060","Aaron Kamal [US]","Lunala Miraidon"
"1061","Braxton Laurent [US]","Calyrex [Shadow Rider] Terapagos"
"1062","John Best [US]","Kyogre Zacian"
"1063","Kaitlyn Scott [US]","Koraidon Zamazenta"
"1064","Stephen Wagner [US]","Groudon Reshiram"
"1065","Travon White [US]","Calyrex [Shadow Rider] Terapagos"
"1066","Sidharth Puri [US]","Koraidon Lunala"
"1067","Tara Maclachlan [US]","Kyogre Miraidon"
"1068","Ethan Sanders [US]","Lunala Miraidon"
"1069","Julio Rendon [US]","Giratina [Origin Forme] Zamazenta"
"1070","Seth Cox [US]","Giratina [Origin Forme] Zamazenta"
"1071","Courtland Rucker [US]","Lugia"
"1072","Noah Moll [US]","Calyrex [Shadow Rider] Zamazenta"
"1073","Camey Gardner [US]","Kyogre Zacian"
"1074","Alex Ferguson [US]","Miraidon Terapagos"
"1075","Luis Alvarez III [US]","Calyrex [Shadow Rider] Groudon"
"1076","Max Buchman [US]","Miraidon Zamazenta"
"1077","Noman Irfan [US]","Lunala Miraidon"
"1078","Braden Luna [US]","Terapagos Zacian"
"1079","Atticus LaTouche [US]","Groudon Miraidon"
"1080","Gavin tibbs [US]","Kyogre Zacian"
"1081","Michael Honesto [US]","Calyrex [Ice Rider] Miraidon"
"1082","Harley Reno [US]","Calyrex [Ice Rider] Miraidon"
"1083","Andrew Walter [US]","Calyrex [Ice Rider] Kyogre"
"1084","Mingl Shi [US]","Calyrex [Shadow Rider] Koraidon"
"1085","Eduardo Abrego [MX]","Calyrex [Shadow Rider] Terapagos"
"1086","Beybi Tomasini Huiman Gonzales [PE]","Calyrex [Shadow Rider]"
"1087","Matthew Dugger [US]","Cosmog Palkia"
"1088","Aoife McEvoy [US]","Calyrex [Ice Rider] Miraidon"
"1089","Alexa Little [US]","Calyrex [Shadow Rider] Koraidon"
"1090","Nathan Kalafut [US]","Calyrex [Ice Rider] Kyogre"
"1091","Aletia Holloway [US]","Koraidon Miraidon"
"1092","Tallon Abel [US]","Kyurem [White Kyurem] Zamazenta"
"1093","Eleanor Tayam-Hernandez [US]","Lunala Miraidon"
"1094","Joshua Salter [US]","Ho-Oh Miraidon"
"1095","Rachel VAN dyke [US]","Calyrex [Shadow Rider] Terapagos"
"1096","Eddie Gunns [US]","Kyogre Zacian"
"1097","Hunter Joles [US]","Calyrex [Ice Rider] Miraidon"
"1098","Jason Metcalf [US]","Miraidon Zamazenta"
"1099","Sarah Snider [US]","Calyrex [Shadow Rider] Terapagos"
"1100","Eric Camacho Montero [US]","Calyrex [Ice Rider] Miraidon"
"1101","Timothy Lipscomb [US]","Calyrex [Shadow Rider] Groudon"
"1102","Darian Simmonds [CA]","Koraidon Miraidon"
"1103","Andrew Jackson [US]",""
"1104","Nick Gorham [US]","Kyogre Zacian"
"1105","Paula Oyarzún [CL]","Koraidon Lunala"
"1106","Soleil Bachrach [US]","Lunala Miraidon"
"1107","Logan Callegari [US]","Calyrex [Ice Rider] Kyogre"
"1108","Jose Benitez [US]","Lunala"
"1109","Albert Hwang [US]","Koraidon Lunala"
"1110","James Jordan [US]","Calyrex [Shadow Rider] Terapagos"
"1111","Javier Gusart [US]","Lunala Miraidon"
"1112","Marc Willis [US]","Miraidon"
"1113","Christopher Parker [US]","Lunala Miraidon"
"1114","Dominique Johnson [US]","Calyrex [Ice Rider] Kyogre"
"1115","Haochen Wang [CN]","Miraidon Zacian"
"1116","Randy Lawson [US]","Calyrex [Shadow Rider] Koraidon"
"1117","Jarrett Guthrie [US]","Kyogre Lugia"
"1118","Joshua Scott [US]","Kyogre Kyurem [Black Kyurem]"
"1119","Joshua Alcocer [US]","Calyrex [Shadow Rider] Koraidon"
"1120","Amanda Faulk [US]","Koraidon Lunala"
"1121","Marcus Esther [US]","Calyrex [Ice Rider] Miraidon"
"1122","Edmond Ramos [US]","Miraidon Terapagos"
"1123","Danica Demadura [US]","Ho-Oh Miraidon"
"1124","Robert Phillips [US]","Ho-Oh Koraidon"
"1125","Alexis Tarjeft [US]","Kyogre Miraidon"
"1126","Robert Durant [US]","Calyrex [Shadow Rider] Miraidon"
"1127","Helen Phung [US]","Calyrex [Ice Rider] Kyogre"
"1128","Lucas Bourg [US]",""
"1129","David Michael Schneider [US]","Koraidon"
